InvoiceNo,StockCode,Quantity,UnitPrice,Total,InvoiceDate,Category,Month,UserID
17270,B02,6,83.25,499.5,2024-10-02,家居,10,167
10860,B01,5,74.67,373.35,2024-02-17,日用品,2,352
15390,B02,3,112.87,338.61,2024-07-29,家居,7,101
15191,B02,7,39.29,275.03,2024-12-08,日用品,12,497
15734,B02,9,115.21,1036.8899999999999,2024-05-18,服饰,5,207
16265,B02,9,112.92,1016.28,2024-04-19,家居,4,385
10466,C01,9,154.76,1392.84,2024-07-01,家居,7,148
14426,C01,2,168.39,336.78,2024-01-28,数码,1,239
15578,A02,3,93.68,281.04,2024-07-15,零食,7,317
18322,A01,7,67.44,472.08,2024-07-09,日用品,7,143
11685,B02,5,59.27,296.35,2024-11-10,日用品,11,368
10769,A02,2,46.98,93.96,2024-02-20,数码,2,177
16949,A01,3,20.95,62.849999999999994,2024-05-28,数码,5,315
12433,B01,6,75.07,450.41999999999996,2024-09-24,零食,9,481
15311,C01,7,61.35,429.45,2024-02-19,零食,2,197
15051,A01,9,193.62,1742.58,2024-09-02,家居,9,335
16420,B01,1,115.96,115.96,2024-04-22,服饰,4,381
11184,A01,7,75.98,531.86,2024-06-18,零食,6,248
14555,C01,8,120.29,962.32,2024-06-14,数码,6,403
13385,C01,3,36.45,109.35000000000001,2024-01-14,零食,1,165
16396,A02,4,94.37,377.48,2024-07-21,日用品,7,333
18666,B02,6,128.98,773.8799999999999,2024-10-14,服饰,10,186
19274,A01,7,102.89,720.23,2024-07-07,家居,7,178
12558,A01,4,86.34,345.36,2024-06-03,日用品,6,304
17849,B01,8,198.83,1590.64,2024-02-24,日用品,2,378
12047,C01,5,177.26,886.3,2024-06-30,服饰,6,436
12747,A01,1,128.45,128.45,2024-07-28,家居,7,353
19167,C01,4,118.18,472.72,2024-03-15,数码,3,403
19998,A01,3,127.93,383.79,2024-10-03,家居,10,479
10189,A02,9,48.25,434.25,2024-05-12,零食,5,229
12734,B02,8,85.08,680.64,2024-12-08,日用品,12,183
13005,A01,1,17.5,17.5,2024-02-28,零食,2,375
14658,C01,6,100.35,602.0999999999999,2024-12-10,数码,12,286
11899,A02,9,113.17,1018.53,2024-06-30,零食,6,145
17734,A01,7,53.27,372.89000000000004,2024-12-04,家居,12,486
11267,B01,4,193.17,772.68,2024-11-16,零食,11,282
11528,B02,1,182.8,182.8,2024-03-04,数码,3,367
13556,A01,2,147.21,294.42,2024-11-22,数码,11,395
13890,A02,5,111.34,556.7,2024-09-16,数码,9,421
18838,B01,5,175.29,876.4499999999999,2024-07-11,家居,7,199
15393,A02,8,34.82,278.56,2024-05-22,数码,5,177
18792,A02,6,160.2,961.1999999999999,2024-04-13,日用品,4,371
18433,B01,8,33.72,269.76,2024-08-01,数码,8,438
17513,A02,2,160.9,321.8,2024-08-29,零食,8,261
12612,B01,3,62.4,187.2,2024-07-27,零食,7,143
17041,A01,6,176.65,1059.9,2024-04-02,零食,4,337
19555,B01,3,189.37,568.11,2024-05-21,家居,5,233
16235,B01,6,38.27,229.62,2024-04-21,零食,4,291
15486,B02,6,97.91,587.46,2024-02-28,家居,2,455
17099,B01,2,196.39,392.78,2024-02-12,家居,2,377
19670,B01,7,101.85,712.9499999999999,2024-07-25,数码,7,117
10775,A01,2,174.07,348.14,2024-09-24,日用品,9,111
18226,B02,6,121.86,731.16,2024-10-22,数码,10,279
13152,C01,1,81.31,81.31,2024-04-27,数码,4,222
11585,A01,3,64.3,192.89999999999998,2024-01-20,家居,1,345
13943,A01,2,48.61,97.22,2024-08-09,家居,8,321
17555,C01,7,154.74,1083.18,2024-06-14,零食,6,472
13073,B01,4,83.44,333.76,2024-05-10,零食,5,150
11021,A02,8,107.14,857.12,2024-06-04,数码,6,170
13843,B02,6,103.54,621.24,2024-07-02,服饰,7,147
17989,A02,4,119.68,478.72,2024-03-30,服饰,3,118
19692,C01,5,174.46,872.3000000000001,2024-04-03,零食,4,361
16873,A01,9,196.34,1767.06,2024-01-13,服饰,1,183
15675,A01,7,87.44,612.0799999999999,2024-11-17,零食,11,254
10161,B02,9,167.23,1505.07,2024-10-19,家居,10,152
14297,A01,7,155.26,1086.82,2024-08-17,数码,8,206
10995,A01,1,118.97,118.97,2024-11-17,日用品,11,456
17629,B02,8,191.65,1533.2,2024-10-18,数码,10,403
19467,B02,4,48.09,192.36,2024-01-26,零食,1,234
11016,C01,3,30.76,92.28,2024-03-15,零食,3,168
17869,A01,7,172.25,1205.75,2024-12-29,数码,12,110
16439,A01,3,93.44,280.32,2024-10-25,零食,10,242
17892,C01,8,170.92,1367.36,2024-05-29,服饰,5,291
16863,B01,6,179.69,1078.1399999999999,2024-05-27,服饰,5,486
17916,B01,5,21.87,109.35000000000001,2024-01-08,零食,1,477
18529,B01,4,177.86,711.44,2024-01-29,零食,1,168
10878,C01,8,95.18,761.44,2024-10-22,服饰,10,122
19268,A01,8,106.98,855.84,2024-07-27,零食,7,280
14887,C01,1,129.05,129.05,2024-05-07,零食,5,392
14859,C01,9,186.01,1674.09,2024-12-05,数码,12,108
16331,B01,5,13.63,68.15,2024-04-25,日用品,4,370
18571,A02,4,100.6,402.4,2024-05-23,服饰,5,486
18684,A01,6,140.67,844.02,2024-11-13,数码,11,192
17208,B01,6,147.31,883.86,2024-08-22,日用品,8,116
15276,A02,2,141.58,283.16,2024-01-07,零食,1,253
12062,A02,8,35.54,284.32,2024-02-14,零食,2,427
10064,B02,7,66.89,468.23,2024-08-26,数码,8,248
18006,A01,1,78.16,78.16,2024-06-03,零食,6,476
12568,A02,5,162.84,814.2,2024-06-29,家居,6,366
15463,B01,6,62.96,377.76,2024-08-02,数码,8,427
12027,B02,4,50.03,200.12,2024-03-28,日用品,3,205
12695,A01,2,191.92,383.84,2024-09-12,数码,9,480
19687,C01,4,11.68,46.72,2024-03-13,服饰,3,134
15258,B01,1,199.59,199.59,2024-06-27,数码,6,218
15618,A02,7,138.6,970.1999999999999,2024-07-30,零食,7,113
16736,A02,2,167.41,334.82,2024-10-19,零食,10,113
10391,B01,2,65.98,131.96,2024-08-21,家居,8,365
15892,A02,9,12.72,114.48,2024-08-26,家居,8,239
13561,B02,5,150.2,751.0,2024-08-10,家居,8,393
16184,A01,2,168.49,336.98,2024-04-28,日用品,4,463
13099,B02,9,150.69,1356.21,2024-11-08,家居,11,218
16278,A02,9,37.14,334.26,2024-09-20,日用品,9,337
18392,C01,1,153.15,153.15,2024-07-25,家居,7,133
13104,A01,3,156.1,468.29999999999995,2024-04-04,日用品,4,268
17215,A01,4,135.12,540.48,2024-08-09,数码,8,109
12454,B01,7,155.56,1088.92,2024-10-02,数码,10,221
18996,B01,4,170.73,682.92,2024-08-18,零食,8,244
12731,C01,2,126.58,253.16,2024-11-04,日用品,11,322
18154,A01,7,26.83,187.81,2024-04-28,服饰,4,470
19762,C01,6,102.65,615.9000000000001,2024-09-24,零食,9,356
15056,B01,3,24.75,74.25,2024-09-29,数码,9,367
18110,B01,6,87.43,524.58,2024-03-04,日用品,3,458
13840,A01,6,87.35,524.0999999999999,2024-10-24,家居,10,103
11028,B02,5,22.54,112.69999999999999,2024-12-15,服饰,12,496
17385,A02,4,76.28,305.12,2024-01-11,数码,1,453
10502,B01,1,31.09,31.09,2024-04-07,零食,4,205
16910,B01,6,163.56,981.36,2024-03-11,日用品,3,184
19062,B02,2,190.06,380.12,2024-12-29,服饰,12,313
16938,B02,3,23.74,71.22,2024-02-27,日用品,2,220
14488,C01,8,191.47,1531.76,2024-10-16,家居,10,231
10206,C01,6,109.29,655.74,2024-09-07,零食,9,437
15134,A02,3,66.92,200.76,2024-10-02,日用品,10,296
15977,A02,7,24.6,172.20000000000002,2024-02-19,数码,2,118
17721,A01,4,105.12,420.48,2024-12-23,零食,12,229
17035,C01,9,160.96,1448.64,2024-08-03,数码,8,111
11484,B01,5,144.35,721.75,2024-02-21,日用品,2,180
17858,C01,3,19.54,58.62,2024-09-27,零食,9,429
10863,B01,2,23.85,47.7,2024-03-24,数码,3,453
12790,B02,2,86.55,173.1,2024-10-19,家居,10,361
17408,C01,3,66.11,198.32999999999998,2024-05-05,家居,5,491
18755,B02,2,54.15,108.3,2024-10-22,日用品,10,224
15116,A02,4,63.39,253.56,2024-03-12,零食,3,406
16019,A02,2,162.66,325.32,2024-10-22,服饰,10,366
11757,A01,9,186.55,1678.95,2024-08-23,零食,8,482
17574,C01,2,86.97,173.94,2024-02-25,家居,2,239
16374,B02,9,182.16,1639.44,2024-12-25,数码,12,428
16892,B01,6,71.08,426.48,2024-04-19,服饰,4,101
11678,A02,1,100.52,100.52,2024-07-10,日用品,7,107
13242,A02,4,52.95,211.8,2024-04-02,服饰,4,349
14636,B01,1,131.69,131.69,2024-12-15,日用品,12,238
11059,B02,6,196.01,1176.06,2024-02-25,服饰,2,223
16668,B02,4,124.66,498.64,2024-02-29,日用品,2,408
19914,C01,3,77.98,233.94,2024-05-17,日用品,5,327
13157,C01,3,133.09,399.27,2024-02-08,服饰,2,109
15915,A01,9,33.35,300.15000000000003,2024-01-28,服饰,1,311
19789,A02,6,178.85,1073.1,2024-02-18,日用品,2,211
12693,C01,9,105.59,950.3100000000001,2024-05-04,家居,5,107
13627,B02,5,95.38,476.9,2024-01-13,服饰,1,391
19555,B01,2,121.31,242.62,2024-02-05,零食,2,461
15450,B02,8,128.71,1029.68,2024-04-10,数码,4,352
11663,A02,5,23.64,118.2,2024-10-08,日用品,10,113
19721,B02,2,139.7,279.4,2024-03-26,日用品,3,339
15592,A01,4,55.97,223.88,2024-01-04,数码,1,341
17392,A02,9,145.65,1310.8500000000001,2024-08-10,家居,8,441
11306,B01,4,166.28,665.12,2024-12-03,数码,12,248
16776,A01,4,162.75,651.0,2024-06-14,服饰,6,335
15864,A02,2,114.98,229.96,2024-12-09,数码,12,405
19474,B01,6,108.83,652.98,2024-10-04,日用品,10,266
17526,A01,2,37.15,74.3,2024-05-09,数码,5,119
18901,A01,7,157.32,1101.24,2024-01-31,零食,1,315
15575,A02,3,61.57,184.71,2024-01-11,服饰,1,442
15530,C01,3,104.37,313.11,2024-10-28,数码,10,234
14413,A01,5,64.01,320.05,2024-04-05,日用品,4,492
13748,A01,3,35.43,106.28999999999999,2024-07-08,服饰,7,228
10663,B01,2,129.62,259.24,2024-07-10,日用品,7,393
11998,B02,9,20.32,182.88,2024-09-22,家居,9,345
17994,A02,2,152.24,304.48,2024-05-07,零食,5,288
11495,A02,2,70.34,140.68,2024-08-25,家居,8,143
13304,C01,8,10.03,80.24,2024-12-20,零食,12,185
13763,C01,9,107.11,963.99,2024-04-21,数码,4,143
15232,A02,7,18.9,132.29999999999998,2024-11-11,服饰,11,429
11853,C01,3,62.47,187.41,2024-12-08,数码,12,474
16585,B01,9,144.33,1298.97,2024-05-24,零食,5,477
11291,A02,3,21.91,65.73,2024-03-05,零食,3,489
13581,C01,5,169.47,847.35,2024-09-03,零食,9,244
17554,A02,9,10.73,96.57000000000001,2024-08-10,日用品,8,150
17280,B02,3,56.9,170.7,2024-11-08,服饰,11,341
11636,A01,7,150.77,1055.39,2024-04-15,数码,4,393
13696,A02,1,70.09,70.09,2024-06-29,数码,6,150
10698,A01,4,29.36,117.44,2024-07-02,家居,7,365
14737,C01,4,78.44,313.76,2024-08-13,零食,8,219
10854,A01,7,61.37,429.59,2024-09-21,零食,9,299
18164,A02,8,170.12,1360.96,2024-10-04,零食,10,347
15855,B02,1,69.54,69.54,2024-03-29,数码,3,169
17392,C01,5,159.9,799.5,2024-06-24,家居,6,440
16528,A02,7,179.46,1256.22,2024-01-18,日用品,1,156
15249,C01,4,92.43,369.72,2024-04-15,服饰,4,481
15172,B01,4,182.89,731.56,2024-09-27,日用品,9,138
11707,A01,4,81.69,326.76,2024-11-14,数码,11,388
15791,B01,6,193.17,1159.02,2024-06-15,零食,6,117
19925,A02,7,26.97,188.79,2024-01-13,服饰,1,319
15535,B02,2,140.53,281.06,2024-12-02,数码,12,412
14931,C01,5,103.82,519.0999999999999,2024-02-01,数码,2,343
13510,A01,4,83.65,334.6,2024-02-09,数码,2,451
10202,C01,3,130.22,390.65999999999997,2024-05-27,服饰,5,403
14218,A02,7,143.73,1006.1099999999999,2024-08-05,服饰,8,397
18958,C01,6,10.83,64.98,2024-08-06,家居,8,382
14389,A01,7,41.72,292.03999999999996,2024-03-22,家居,3,173
12327,A02,5,145.48,727.4,2024-11-28,日用品,11,209
18004,C01,6,136.61,819.6600000000001,2024-07-26,服饰,7,279
12931,B02,5,193.55,967.75,2024-07-19,服饰,7,131
17777,A02,7,154.6,1082.2,2024-11-27,服饰,11,333
10197,A02,2,190.65,381.3,2024-02-07,家居,2,381
17125,B02,5,143.48,717.4,2024-07-29,数码,7,124
11930,B01,6,66.63,399.78,2024-11-22,零食,11,430
16287,A01,6,30.02,180.12,2024-09-05,家居,9,378
18800,B01,5,158.55,792.75,2024-08-14,服饰,8,325
19339,C01,7,132.39,926.7299999999999,2024-02-17,家居,2,156
14282,B02,8,19.16,153.28,2024-01-18,日用品,1,279
12511,B01,7,78.41,548.87,2024-10-21,服饰,10,331
19986,A02,5,191.79,958.9499999999999,2024-07-14,日用品,7,481
10659,C01,1,105.08,105.08,2024-07-05,服饰,7,442
12811,C01,5,92.22,461.1,2024-12-10,家居,12,386
17098,B01,2,96.96,193.92,2024-08-11,数码,8,163
16546,B01,5,49.69,248.45,2024-11-13,零食,11,331
19561,B02,5,80.05,400.25,2024-12-30,日用品,12,388
11986,A01,2,80.26,160.52,2024-12-02,家居,12,312
18338,B01,5,19.95,99.75,2024-08-16,数码,8,357
12911,B01,4,155.84,623.36,2024-03-17,家居,3,117
11734,A02,1,89.14,89.14,2024-07-06,日用品,7,274
11843,C01,3,166.21,498.63,2024-12-11,零食,12,328
18680,A01,1,171.57,171.57,2024-09-26,家居,9,325
12976,A02,5,50.28,251.4,2024-04-04,服饰,4,183
11959,B02,4,134.9,539.6,2024-11-05,数码,11,390
15759,B02,7,99.73,698.11,2024-05-11,家居,5,469
16694,B01,5,177.23,886.15,2024-02-08,数码,2,345
12385,B01,4,50.99,203.96,2024-03-12,服饰,3,209
14736,B02,2,138.78,277.56,2024-10-07,零食,10,353
11802,B01,4,125.47,501.88,2024-11-28,零食,11,187
18155,A01,2,66.11,132.22,2024-06-08,服饰,6,171
18120,B01,8,35.95,287.6,2024-07-05,数码,7,480
16616,C01,3,133.81,401.43,2024-07-09,家居,7,129
15534,B01,9,150.33,1352.97,2024-04-29,服饰,4,271
14061,A02,4,69.97,279.88,2024-08-07,日用品,8,408
10262,A01,6,132.52,795.1200000000001,2024-02-22,数码,2,493
16287,A02,5,85.07,425.34999999999997,2024-08-09,零食,8,442
18815,A02,1,145.51,145.51,2024-05-10,服饰,5,276
19208,C01,9,47.85,430.65000000000003,2024-08-24,零食,8,238
12049,A01,1,179.14,179.14,2024-09-02,数码,9,293
15423,A01,8,64.61,516.88,2024-08-13,零食,8,285
14548,A01,9,79.88,718.92,2024-07-26,服饰,7,317
13108,A01,9,21.04,189.35999999999999,2024-04-05,数码,4,263
17158,A01,1,31.19,31.19,2024-07-18,日用品,7,260
17400,C01,2,108.01,216.02,2024-09-03,服饰,9,112
13170,B01,1,60.84,60.84,2024-03-12,家居,3,395
19874,A02,2,168.74,337.48,2024-11-13,服饰,11,188
12255,A01,8,12.79,102.32,2024-07-03,数码,7,423
11154,B01,5,82.03,410.15,2024-01-06,服饰,1,141
14499,B01,7,74.1,518.6999999999999,2024-07-24,日用品,7,309
16295,A02,2,13.67,27.34,2024-02-01,日用品,2,328
16197,C01,8,33.63,269.04,2024-04-08,家居,4,449
19888,B02,6,88.59,531.54,2024-09-12,零食,9,374
11648,B02,8,103.64,829.12,2024-07-05,数码,7,378
15539,B01,1,86.82,86.82,2024-03-16,数码,3,350
19637,A02,1,110.88,110.88,2024-06-25,零食,6,409
14199,B02,7,123.08,861.56,2024-11-10,日用品,11,307
18445,B01,8,11.89,95.12,2024-10-13,日用品,10,420
12557,C01,3,98.18,294.54,2024-12-14,服饰,12,239
15592,B02,5,193.06,965.3,2024-09-11,家居,9,379
10098,B01,1,108.62,108.62,2024-11-20,家居,11,133
12200,B01,7,138.73,971.1099999999999,2024-07-08,家居,7,408
12961,A01,5,69.25,346.25,2024-11-03,服饰,11,491
14973,C01,8,157.06,1256.48,2024-12-10,家居,12,117
14433,A01,8,156.86,1254.88,2024-05-06,零食,5,156
12869,A02,9,109.05,981.4499999999999,2024-10-13,服饰,10,211
10956,A01,7,195.44,1368.08,2024-09-10,零食,9,104
18352,A01,1,33.85,33.85,2024-07-31,服饰,7,281
15699,B02,3,13.22,39.660000000000004,2024-09-06,家居,9,112
16944,B01,8,156.33,1250.64,2024-03-24,零食,3,438
14493,C01,3,163.36,490.08000000000004,2024-01-13,零食,1,384
19492,A01,8,32.84,262.72,2024-02-14,零食,2,358
14911,C01,1,60.46,60.46,2024-05-06,服饰,5,189
13987,A01,5,13.33,66.65,2024-04-23,数码,4,203
19719,A02,4,65.73,262.92,2024-10-02,家居,10,478
16015,A01,5,156.9,784.5,2024-07-23,零食,7,285
11218,B02,8,108.41,867.28,2024-12-02,数码,12,349
14496,B01,4,76.14,304.56,2024-09-29,家居,9,354
14735,A02,4,80.63,322.52,2024-02-27,家居,2,175
14555,A01,3,10.26,30.78,2024-11-23,零食,11,485
19146,C01,7,66.96,468.71999999999997,2024-08-06,零食,8,207
18050,A02,3,132.83,398.49,2024-04-18,服饰,4,255
13446,A02,3,195.1,585.3,2024-10-05,数码,10,181
11045,A01,5,170.94,854.7,2024-06-22,数码,6,176
16893,A02,5,14.48,72.4,2024-11-23,零食,11,357
11693,C01,6,180.73,1084.3799999999999,2024-09-20,家居,9,226
13436,A02,8,158.81,1270.48,2024-11-10,零食,11,490
18754,C01,6,158.27,949.6200000000001,2024-04-20,家居,4,381
15895,A01,1,97.02,97.02,2024-07-05,家居,7,187
13354,B01,8,85.62,684.96,2024-09-25,零食,9,303
10225,A02,8,67.55,540.4,2024-08-16,日用品,8,115
14893,B01,9,22.48,202.32,2024-06-04,数码,6,250
17022,C01,9,53.36,480.24,2024-07-07,家居,7,353
19151,A02,2,56.85,113.7,2024-09-28,家居,9,287
15600,B02,2,101.97,203.94,2024-01-02,日用品,1,428
17996,B01,3,152.01,456.03,2024-09-02,服饰,9,131
19007,A02,1,100.02,100.02,2024-07-28,日用品,7,370
17683,B01,4,20.99,83.96,2024-10-12,日用品,10,496
14642,A02,4,191.98,767.92,2024-12-24,家居,12,104
17679,A01,9,189.12,1702.08,2024-01-13,数码,1,429
18208,B01,9,159.19,1432.71,2024-04-05,日用品,4,407
17339,B02,9,198.35,1785.1499999999999,2024-08-08,服饰,8,432
19435,B02,7,113.45,794.15,2024-08-25,零食,8,268
12205,C01,2,192.93,385.86,2024-04-03,日用品,4,280
11069,A02,5,24.36,121.8,2024-12-03,日用品,12,465
13444,B01,4,79.48,317.92,2024-09-25,服饰,9,277
11060,C01,8,52.82,422.56,2024-06-19,数码,6,242
12327,B01,2,47.21,94.42,2024-04-03,日用品,4,461
13420,A02,6,36.75,220.5,2024-05-28,日用品,5,347
10301,B02,5,128.26,641.3,2024-04-21,数码,4,226
10606,A01,2,158.45,316.9,2024-02-24,服饰,2,362
13170,B02,1,119.88,119.88,2024-12-02,日用品,12,139
10699,C01,8,37.92,303.36,2024-04-25,数码,4,454
15088,A01,2,164.11,328.22,2024-05-22,日用品,5,354
19331,C01,7,130.83,915.8100000000001,2024-07-19,零食,7,242
10190,A02,9,83.75,753.75,2024-06-28,家居,6,339
10980,A01,9,138.08,1242.72,2024-07-20,零食,7,327
12975,C01,8,59.38,475.04,2024-12-29,日用品,12,440
16102,A02,9,75.59,680.3100000000001,2024-02-22,服饰,2,297
11184,B02,2,184.32,368.64,2024-06-28,家居,6,164
13327,A02,6,65.2,391.20000000000005,2024-11-08,零食,11,487
13394,B01,4,99.3,397.2,2024-11-03,数码,11,110
18319,A02,4,179.13,716.52,2024-05-16,服饰,5,207
11816,A02,5,144.47,722.35,2024-06-30,零食,6,125
15854,B01,3,21.82,65.46000000000001,2024-01-01,数码,1,250
16709,C01,1,37.99,37.99,2024-02-13,日用品,2,320
10569,C01,8,11.49,91.92,2024-08-14,数码,8,440
15442,A02,5,129.88,649.4,2024-11-26,零食,11,336
11895,B01,3,95.06,285.18,2024-04-07,零食,4,336
12733,B01,7,35.51,248.57,2024-07-26,日用品,7,318
13863,B02,7,192.01,1344.07,2024-09-21,数码,9,250
17455,C01,1,110.64,110.64,2024-10-14,数码,10,222
14014,A01,9,55.96,503.64,2024-09-27,日用品,9,243
11686,C01,2,105.11,210.22,2024-05-19,数码,5,288
13009,C01,5,139.13,695.65,2024-08-24,日用品,8,354
17806,B02,5,24.49,122.44999999999999,2024-03-12,服饰,3,167
10154,A01,8,62.19,497.52,2024-06-03,零食,6,203
11409,B02,8,163.32,1306.56,2024-07-08,服饰,7,435
10784,A01,7,97.34,681.38,2024-09-24,家居,9,258
18096,A02,7,113.85,796.9499999999999,2024-11-16,家居,11,408
17560,A01,6,92.24,553.4399999999999,2024-04-16,家居,4,461
17343,B02,6,18.34,110.03999999999999,2024-08-19,日用品,8,399
17206,C01,9,41.49,373.41,2024-02-11,数码,2,495
15596,A01,6,94.65,567.9000000000001,2024-07-08,服饰,7,189
15801,A01,2,49.75,99.5,2024-05-18,服饰,5,456
12806,B01,2,19.5,39.0,2024-04-12,服饰,4,355
10537,C01,5,170.29,851.4499999999999,2024-06-19,服饰,6,452
15986,A02,4,196.43,785.72,2024-12-16,家居,12,319
11841,B02,2,160.7,321.4,2024-09-29,服饰,9,108
18716,A02,3,172.22,516.66,2024-08-08,数码,8,111
16971,C01,7,55.98,391.85999999999996,2024-07-31,家居,7,424
15625,A01,8,192.52,1540.16,2024-12-06,服饰,12,343
12950,A01,6,47.42,284.52,2024-02-25,日用品,2,281
17992,C01,5,190.77,953.85,2024-12-07,零食,12,383
14780,A01,1,199.02,199.02,2024-04-11,零食,4,411
12368,A01,8,145.23,1161.84,2024-07-10,零食,7,198
16655,A01,3,196.42,589.26,2024-11-05,家居,11,296
18173,B02,6,118.21,709.26,2024-07-18,服饰,7,465
14495,B02,3,59.31,177.93,2024-08-20,家居,8,325
19163,B01,7,93.03,651.21,2024-08-14,数码,8,432
16002,A02,7,122.78,859.46,2024-05-18,日用品,5,202
16614,C01,9,23.89,215.01,2024-12-09,日用品,12,205
19358,C01,5,128.25,641.25,2024-10-31,零食,10,464
15919,C01,8,196.42,1571.36,2024-05-28,零食,5,467
10853,B01,8,46.12,368.96,2024-04-24,零食,4,157
14146,B02,1,160.59,160.59,2024-03-03,服饰,3,177
13769,B01,5,182.5,912.5,2024-04-13,数码,4,174
10574,C01,3,189.3,567.9000000000001,2024-12-04,数码,12,141
11148,A02,1,192.43,192.43,2024-12-24,数码,12,423
16293,A01,4,109.08,436.32,2024-06-04,数码,6,280
16457,B02,8,195.69,1565.52,2024-09-29,零食,9,132
17509,B02,3,153.89,461.66999999999996,2024-01-06,日用品,1,170
19907,B01,2,40.72,81.44,2024-05-26,零食,5,155
14777,B02,9,100.61,905.49,2024-07-02,数码,7,204
13854,C01,5,146.48,732.4,2024-01-28,零食,1,299
12491,C01,7,56.99,398.93,2024-02-07,数码,2,200
13124,B01,2,131.72,263.44,2024-04-28,家居,4,355
15691,C01,9,136.65,1229.8500000000001,2024-10-19,日用品,10,406
13051,A02,9,40.91,368.18999999999994,2024-08-31,家居,8,173
10004,B01,4,117.37,469.48,2024-03-08,服饰,3,270
15222,A02,4,156.61,626.44,2024-08-01,零食,8,476
15315,A01,6,104.79,628.74,2024-08-05,服饰,8,242
14869,A02,6,12.3,73.80000000000001,2024-06-25,零食,6,265
10876,A01,1,11.72,11.72,2024-10-25,家居,10,498
19183,A01,9,77.84,700.5600000000001,2024-06-12,数码,6,360
17027,A02,2,185.98,371.96,2024-02-27,数码,2,320
14142,B01,5,53.45,267.25,2024-09-25,零食,9,182
16966,C01,9,130.53,1174.77,2024-11-03,数码,11,281
17079,C01,4,52.19,208.76,2024-02-27,家居,2,406
17987,A01,3,71.12,213.36,2024-10-14,数码,10,109
16799,A01,7,171.13,1197.9099999999999,2024-04-14,家居,4,495
14465,B01,6,148.48,890.8799999999999,2024-08-15,服饰,8,103
10635,B02,8,28.13,225.04,2024-09-03,家居,9,450
11693,A02,3,91.45,274.35,2024-07-06,日用品,7,435
19874,A01,5,15.54,77.69999999999999,2024-03-23,日用品,3,391
14752,C01,4,101.37,405.48,2024-07-04,日用品,7,380
18311,B01,4,135.86,543.44,2024-09-08,零食,9,314
10830,A02,4,32.52,130.08,2024-12-20,零食,12,197
15177,B01,8,64.89,519.12,2024-08-25,零食,8,200
19561,A02,6,85.59,513.54,2024-12-25,家居,12,108
18932,A02,3,184.71,554.13,2024-07-02,零食,7,160
18308,A01,5,198.72,993.6,2024-10-10,服饰,10,408
15949,B01,6,18.53,111.18,2024-07-28,日用品,7,245
12838,B01,5,154.59,772.95,2024-10-30,家居,10,162
11150,C01,6,80.63,483.78,2024-10-22,日用品,10,220
17560,C01,8,84.57,676.56,2024-04-06,零食,4,325
11931,A01,7,153.31,1073.17,2024-07-26,家居,7,204
19204,A01,5,184.5,922.5,2024-05-16,数码,5,359
11664,B02,6,190.68,1144.08,2024-07-02,服饰,7,448
11081,C01,4,119.65,478.6,2024-03-16,零食,3,354
10512,A02,9,77.85,700.65,2024-10-13,零食,10,306
17805,B01,4,159.63,638.52,2024-05-21,服饰,5,127
15237,A01,1,57.69,57.69,2024-08-24,服饰,8,269
10559,B01,7,117.17,820.19,2024-01-25,数码,1,435
13672,B01,7,78.13,546.91,2024-10-16,零食,10,175
17404,B02,4,134.76,539.04,2024-03-07,零食,3,215
13343,C01,3,55.68,167.04,2024-09-06,日用品,9,168
14070,A01,8,46.4,371.2,2024-04-27,家居,4,453
19662,B01,5,184.47,922.35,2024-03-13,家居,3,333
10580,A01,7,29.34,205.38,2024-10-08,日用品,10,100
17004,A02,4,106.13,424.52,2024-12-25,家居,12,266
18130,B02,4,51.96,207.84,2024-01-10,服饰,1,451
13147,A02,8,17.4,139.2,2024-07-29,家居,7,317
14249,A01,8,16.84,134.72,2024-11-18,家居,11,372
11679,A01,2,43.29,86.58,2024-05-31,日用品,5,467
13506,C01,2,174.69,349.38,2024-01-05,数码,1,350
17253,B01,3,63.67,191.01,2024-07-13,家居,7,446
12744,B01,3,190.59,571.77,2024-10-09,家居,10,443
19435,A02,1,120.51,120.51,2024-04-22,数码,4,273
15188,B02,3,92.96,278.88,2024-09-27,日用品,9,269
12141,B01,6,120.22,721.3199999999999,2024-06-11,数码,6,345
16617,C01,8,108.17,865.36,2024-04-14,日用品,4,189
12479,A02,6,154.17,925.02,2024-06-29,服饰,6,148
16484,A02,5,63.67,318.35,2024-02-13,日用品,2,393
19827,C01,4,77.08,308.32,2024-10-08,服饰,10,249
17421,B02,3,179.88,539.64,2024-06-23,服饰,6,231
19949,C01,4,189.83,759.32,2024-06-10,日用品,6,158
14452,B02,7,179.59,1257.13,2024-12-16,零食,12,423
15881,C01,1,89.7,89.7,2024-12-05,日用品,12,298
16665,C01,7,158.27,1107.89,2024-05-19,家居,5,314
12849,A01,1,100.5,100.5,2024-05-11,家居,5,485
17390,A02,2,104.53,209.06,2024-03-27,零食,3,148
16905,C01,4,48.89,195.56,2024-06-24,服饰,6,331
12489,C01,1,122.31,122.31,2024-07-01,零食,7,346
19823,B01,9,45.37,408.33,2024-05-08,家居,5,481
19207,A02,6,73.0,438.0,2024-09-02,零食,9,338
19540,B01,1,172.46,172.46,2024-03-29,日用品,3,466
14611,A02,1,49.34,49.34,2024-03-06,零食,3,267
12839,B01,6,23.52,141.12,2024-06-06,服饰,6,147
18527,C01,4,23.11,92.44,2024-05-28,日用品,5,150
15878,C01,4,188.75,755.0,2024-12-05,数码,12,398
19087,A01,6,106.31,637.86,2024-04-25,家居,4,197
16303,B01,7,87.79,614.5300000000001,2024-08-01,家居,8,315
10851,B02,9,164.07,1476.6299999999999,2024-10-20,零食,10,276
11687,A01,5,168.81,844.05,2024-09-09,日用品,9,479
16833,B01,9,73.12,658.08,2024-05-22,数码,5,179
12427,B01,4,141.79,567.16,2024-09-06,日用品,9,284
19760,A01,2,156.51,313.02,2024-10-28,家居,10,466
14000,C01,3,134.38,403.14,2024-01-25,日用品,1,498
15052,B01,1,38.8,38.8,2024-10-03,数码,10,126
12738,C01,6,176.42,1058.52,2024-03-10,零食,3,294
15732,A01,6,112.43,674.58,2024-04-22,服饰,4,313
15387,C01,1,63.67,63.67,2024-12-28,日用品,12,468
18002,A02,3,90.79,272.37,2024-04-21,服饰,4,441
15536,B02,5,17.14,85.7,2024-12-29,家居,12,213
13913,B01,3,34.29,102.87,2024-10-29,零食,10,341
11066,B02,3,155.45,466.34999999999997,2024-03-31,零食,3,223
17723,C01,3,10.0,30.0,2024-01-18,日用品,1,404
14380,B01,5,89.15,445.75,2024-05-28,零食,5,175
14107,C01,5,109.28,546.4,2024-08-14,日用品,8,410
15726,A02,4,20.38,81.52,2024-08-01,日用品,8,411
13373,A01,1,194.88,194.88,2024-12-25,服饰,12,295
18945,B01,5,52.96,264.8,2024-05-30,零食,5,450
12082,A02,5,67.8,339.0,2024-07-10,日用品,7,143
18967,A02,4,67.75,271.0,2024-02-09,服饰,2,285
16748,B01,6,53.78,322.68,2024-08-29,数码,8,442
19817,C01,4,10.28,41.12,2024-05-17,服饰,5,345
10417,A02,7,148.58,1040.0600000000002,2024-12-10,服饰,12,183
18306,B02,7,193.7,1355.8999999999999,2024-06-28,日用品,6,306
18808,A02,2,52.62,105.24,2024-07-18,家居,7,250
13974,C01,3,135.98,407.93999999999994,2024-07-21,家居,7,255
13267,C01,1,150.96,150.96,2024-03-01,家居,3,115
10825,B02,8,171.2,1369.6,2024-07-10,服饰,7,264
17668,A02,9,90.3,812.6999999999999,2024-01-05,日用品,1,244
15745,C01,4,67.56,270.24,2024-08-24,零食,8,136
19708,B01,6,71.81,430.86,2024-06-29,服饰,6,432
10412,A01,9,145.4,1308.6000000000001,2024-11-06,服饰,11,144
17543,A01,6,165.19,991.14,2024-02-06,日用品,2,305
17587,A01,9,44.51,400.59,2024-02-25,数码,2,161
10728,A02,4,80.48,321.92,2024-08-24,服饰,8,455
17164,B02,8,181.37,1450.96,2024-12-23,数码,12,407
18867,C01,9,163.27,1469.43,2024-12-14,数码,12,118
15988,B01,4,197.12,788.48,2024-07-15,家居,7,464
12504,B01,5,153.31,766.55,2024-03-13,日用品,3,399
12967,A02,8,84.71,677.68,2024-02-28,数码,2,106
12786,A01,6,122.22,733.3199999999999,2024-08-27,日用品,8,348
11122,A02,7,135.59,949.13,2024-01-02,家居,1,216
14079,B02,3,24.91,74.73,2024-12-25,日用品,12,167
11571,B02,7,113.45,794.15,2024-07-06,服饰,7,133
15073,C01,8,144.77,1158.16,2024-11-02,数码,11,293
15104,C01,6,41.79,250.74,2024-01-30,日用品,1,424
12143,B02,9,158.32,1424.8799999999999,2024-09-23,零食,9,154
19879,B02,6,120.92,725.52,2024-04-17,日用品,4,365
16806,B02,9,190.92,1718.28,2024-11-27,数码,11,141
17357,A02,4,18.06,72.24,2024-03-30,家居,3,396
13440,B02,8,60.41,483.28,2024-07-23,家居,7,330
13766,B01,4,124.3,497.2,2024-08-07,数码,8,477
15644,A01,2,66.35,132.7,2024-04-03,服饰,4,493
12914,B02,9,145.74,1311.66,2024-04-12,服饰,4,109
14968,A01,5,154.21,771.0500000000001,2024-08-10,家居,8,457
15917,A02,4,29.48,117.92,2024-07-04,家居,7,227
18787,A01,2,107.63,215.26,2024-07-02,数码,7,278
10728,A02,1,106.69,106.69,2024-06-10,服饰,6,491
11365,B01,7,80.16,561.12,2024-09-03,家居,9,292
14492,A02,6,187.26,1123.56,2024-01-31,服饰,1,191
10698,A02,2,167.23,334.46,2024-02-21,家居,2,468
17186,C01,8,142.47,1139.76,2024-12-10,日用品,12,330
10395,B02,4,145.72,582.88,2024-03-16,零食,3,177
17400,B02,8,97.73,781.84,2024-10-04,日用品,10,184
18082,B01,7,184.99,1294.93,2024-02-09,家居,2,129
14171,B01,5,141.97,709.85,2024-04-10,零食,4,312
14360,B02,8,148.51,1188.08,2024-04-20,零食,4,148
12502,C01,9,173.72,1563.48,2024-11-16,家居,11,364
10717,B02,5,62.07,310.35,2024-09-05,家居,9,244
12782,C01,5,163.34,816.7,2024-07-09,服饰,7,168
14946,B01,2,47.1,94.2,2024-06-30,家居,6,157
15486,A01,5,75.61,378.05,2024-11-30,数码,11,284
18335,B01,3,73.77,221.31,2024-07-27,家居,7,161
14980,B01,7,195.92,1371.4399999999998,2024-01-22,数码,1,407
17266,A02,5,172.74,863.7,2024-06-14,家居,6,395
14491,A02,8,143.22,1145.76,2024-04-08,服饰,4,265
17192,A02,1,148.14,148.14,2024-07-26,数码,7,270
15588,A02,3,116.79,350.37,2024-01-08,日用品,1,162
17651,C01,3,189.95,569.8499999999999,2024-07-08,数码,7,246
13636,B02,9,104.29,938.61,2024-06-23,服饰,6,405
11167,A01,5,82.3,411.5,2024-09-29,数码,9,260
11062,B01,9,40.98,368.82,2024-01-17,家居,1,240
12156,C01,9,159.38,1434.42,2024-03-30,家居,3,433
17860,A01,1,149.54,149.54,2024-05-20,服饰,5,196
15161,C01,2,83.03,166.06,2024-05-24,零食,5,320
15305,C01,5,14.79,73.94999999999999,2024-06-14,家居,6,142
16541,B01,4,169.41,677.64,2024-12-02,日用品,12,391
14729,B02,9,12.17,109.53,2024-03-18,服饰,3,477
19348,A02,7,143.7,1005.8999999999999,2024-09-18,数码,9,207
17330,B02,6,194.35,1166.1,2024-06-11,数码,6,365
15334,B01,7,93.16,652.12,2024-01-14,日用品,1,194
18924,B01,1,54.64,54.64,2024-08-26,家居,8,361
14330,B01,1,143.93,143.93,2024-03-12,服饰,3,412
18010,A01,8,165.25,1322.0,2024-05-22,日用品,5,484
16801,B02,2,113.82,227.64,2024-11-05,家居,11,170
14846,B02,9,193.74,1743.66,2024-10-09,服饰,10,318
16731,C01,7,19.82,138.74,2024-09-25,数码,9,120
17241,C01,6,105.91,635.46,2024-08-28,服饰,8,191
10953,C01,1,146.51,146.51,2024-09-01,零食,9,226
12539,B01,1,173.9,173.9,2024-06-11,服饰,6,179
17056,B02,2,44.06,88.12,2024-02-29,零食,2,411
11542,B01,6,162.0,972.0,2024-01-06,服饰,1,337
15293,A01,6,115.01,690.0600000000001,2024-07-15,零食,7,471
11191,C01,2,85.35,170.7,2024-02-27,数码,2,281
16313,B01,1,35.03,35.03,2024-10-31,家居,10,124
16938,B01,5,174.41,872.05,2024-08-04,零食,8,255
12681,A01,5,39.88,199.4,2024-01-26,零食,1,104
19409,A02,2,68.86,137.72,2024-10-29,数码,10,219
11540,B02,6,65.11,390.65999999999997,2024-01-05,零食,1,376
16172,A02,9,175.57,1580.1299999999999,2024-01-20,日用品,1,117
15541,C01,2,137.81,275.62,2024-07-16,数码,7,297
19580,B01,2,161.37,322.74,2024-02-28,日用品,2,156
11365,A01,3,57.59,172.77,2024-08-29,数码,8,192
18691,A01,7,128.73,901.1099999999999,2024-05-25,零食,5,118
19872,B02,6,118.63,711.78,2024-09-29,日用品,9,483
18702,A02,8,168.24,1345.92,2024-09-05,零食,9,452
17494,B02,8,182.16,1457.28,2024-01-14,数码,1,292
14312,B01,6,12.31,73.86,2024-01-13,零食,1,336
11324,B02,3,138.06,414.18,2024-02-13,日用品,2,486
19347,A01,3,19.85,59.550000000000004,2024-01-19,日用品,1,376
13141,A01,1,114.28,114.28,2024-03-03,零食,3,326
17419,C01,7,64.65,452.55000000000007,2024-08-26,服饰,8,332
13486,C01,5,68.29,341.45000000000005,2024-12-02,数码,12,139
11810,B01,4,77.06,308.24,2024-04-09,数码,4,422
16588,A02,4,128.05,512.2,2024-06-11,零食,6,252
12923,B02,4,73.47,293.88,2024-05-01,服饰,5,226
15301,B01,6,149.21,895.26,2024-02-13,日用品,2,336
14186,C01,8,86.86,694.88,2024-12-25,家居,12,154
18905,B02,8,22.99,183.92,2024-11-12,家居,11,271
15977,C01,5,158.91,794.55,2024-05-24,零食,5,208
14268,B02,6,64.29,385.74,2024-11-22,服饰,11,453
14748,A02,4,92.23,368.92,2024-12-28,服饰,12,283
14849,B01,9,140.23,1262.07,2024-02-19,数码,2,467
19435,B02,8,73.17,585.36,2024-03-05,日用品,3,297
13709,A01,1,20.75,20.75,2024-12-20,服饰,12,470
19273,A01,2,81.04,162.08,2024-10-14,家居,10,472
16619,B02,9,189.45,1705.05,2024-06-12,日用品,6,186
18647,B02,8,131.93,1055.44,2024-05-20,日用品,5,300
19086,B02,3,137.58,412.74,2024-11-09,零食,11,436
19576,A01,8,130.13,1041.04,2024-05-07,服饰,5,421
13072,A01,1,47.81,47.81,2024-08-26,零食,8,374
16530,B02,4,89.48,357.92,2024-11-19,服饰,11,310
10504,C01,3,152.68,458.04,2024-10-22,数码,10,490
11214,C01,6,29.26,175.56,2024-07-05,零食,7,217
11531,A02,7,62.79,439.53,2024-07-26,零食,7,290
17576,B01,4,62.5,250.0,2024-08-07,家居,8,141
10823,C01,7,92.08,644.56,2024-07-08,零食,7,141
10928,A01,9,196.27,1766.43,2024-12-11,服饰,12,414
15029,C01,2,22.83,45.66,2024-10-10,家居,10,375
10133,A02,3,108.55,325.65,2024-12-17,零食,12,428
12105,A02,5,44.08,220.39999999999998,2024-08-24,零食,8,116
13627,B01,3,194.43,583.29,2024-07-12,数码,7,382
16316,C01,8,31.53,252.24,2024-10-13,零食,10,357
11852,A01,8,86.68,693.44,2024-09-15,日用品,9,162
14910,A01,8,150.2,1201.6,2024-09-02,家居,9,161
14175,B02,9,143.87,1294.83,2024-05-15,日用品,5,199
15348,A01,4,90.32,361.28,2024-10-06,家居,10,118
19442,B01,5,75.84,379.20000000000005,2024-09-27,数码,9,116
16190,B01,5,85.55,427.75,2024-06-19,零食,6,424
11256,A01,8,60.21,481.68,2024-06-07,零食,6,472
13376,A01,7,49.01,343.07,2024-07-19,零食,7,345
15645,B02,9,101.78,916.02,2024-02-14,家居,2,350
13486,A01,8,61.02,488.16,2024-09-20,零食,9,180
13584,B02,2,64.62,129.24,2024-03-11,日用品,3,138
19588,B02,4,134.78,539.12,2024-12-29,零食,12,135
18053,A01,6,194.02,1164.1200000000001,2024-04-12,数码,4,487
13330,A02,2,124.69,249.38,2024-05-04,日用品,5,296
12703,A02,7,24.63,172.41,2024-11-08,零食,11,257
18662,B02,3,24.36,73.08,2024-10-12,零食,10,303
18120,A01,3,190.77,572.3100000000001,2024-08-17,服饰,8,295
17114,A02,2,66.49,132.98,2024-05-25,家居,5,315
11353,A01,8,27.49,219.92,2024-07-15,日用品,7,384
15063,A01,6,123.82,742.92,2024-08-08,服饰,8,295
18549,A01,1,128.49,128.49,2024-02-29,数码,2,406
17575,C01,1,133.22,133.22,2024-04-07,家居,4,251
10667,A01,7,60.81,425.67,2024-06-19,日用品,6,113
14468,C01,8,12.87,102.96,2024-06-21,零食,6,424
19337,B02,5,193.35,966.75,2024-05-30,日用品,5,245
16819,A02,5,57.67,288.35,2024-12-15,零食,12,156
13719,A02,4,138.44,553.76,2024-05-01,家居,5,310
12745,A02,6,144.26,865.56,2024-04-17,零食,4,367
17483,A02,6,125.9,755.4000000000001,2024-01-04,数码,1,309
10539,A02,3,69.45,208.35000000000002,2024-04-02,零食,4,116
14964,A02,9,61.51,553.59,2024-01-06,数码,1,385
14835,A02,7,123.56,864.9200000000001,2024-10-14,家居,10,443
13775,B02,1,174.56,174.56,2024-04-15,家居,4,302
16042,A01,7,189.88,1329.1599999999999,2024-05-25,日用品,5,198
17102,B01,5,30.12,150.6,2024-09-27,数码,9,378
17312,C01,5,39.42,197.10000000000002,2024-04-05,数码,4,308
15320,B01,2,189.5,379.0,2024-08-16,服饰,8,228
16132,B01,4,149.94,599.76,2024-07-20,服饰,7,434
17891,A01,6,177.77,1066.6200000000001,2024-07-30,服饰,7,387
12779,A01,7,48.5,339.5,2024-01-06,零食,1,351
10924,A01,5,121.64,608.2,2024-04-21,服饰,4,364
11581,A02,9,143.22,1288.98,2024-11-18,数码,11,370
17714,B02,3,139.22,417.65999999999997,2024-04-15,零食,4,287
13324,A02,1,87.55,87.55,2024-05-18,家居,5,313
15713,B02,4,12.93,51.72,2024-10-25,日用品,10,382
17026,B02,9,120.76,1086.8400000000001,2024-04-05,服饰,4,310
10255,B01,4,58.09,232.36,2024-12-02,家居,12,464
14804,B01,2,95.55,191.1,2024-10-23,数码,10,175
11838,B02,5,191.94,959.7,2024-08-01,日用品,8,247
10009,B02,3,85.82,257.46,2024-10-17,家居,10,420
12871,A02,9,169.56,1526.04,2024-01-22,日用品,1,312
18989,A02,4,45.82,183.28,2024-07-11,服饰,7,208
17409,B01,6,137.77,826.6200000000001,2024-05-29,数码,5,228
17418,A01,2,195.63,391.26,2024-09-03,日用品,9,109
15124,B02,6,29.36,176.16,2024-09-23,家居,9,146
11015,A02,3,11.58,34.74,2024-09-07,服饰,9,478
12193,B01,9,92.38,831.42,2024-01-03,服饰,1,414
18415,A02,2,27.6,55.2,2024-11-11,家居,11,195
17449,B02,9,152.19,1369.71,2024-03-16,家居,3,202
14158,B02,5,183.76,918.8,2024-03-27,日用品,3,479
13925,C01,8,92.46,739.68,2024-09-26,零食,9,441
16970,A01,2,59.16,118.32,2024-08-12,服饰,8,245
16938,C01,6,92.54,555.24,2024-01-18,日用品,1,467
14784,B01,3,147.46,442.38,2024-04-22,家居,4,126
14000,A02,5,11.72,58.6,2024-09-07,日用品,9,319
11633,B01,8,122.0,976.0,2024-08-20,家居,8,117
17266,B02,1,126.53,126.53,2024-11-24,数码,11,266
18702,C01,5,131.16,655.8,2024-10-05,家居,10,181
10384,C01,3,55.98,167.94,2024-07-20,家居,7,171
10404,C01,4,145.67,582.68,2024-03-23,家居,3,409
18175,B01,2,27.36,54.72,2024-05-04,零食,5,353
12000,B02,9,47.86,430.74,2024-06-23,家居,6,261
19860,A02,3,176.72,530.16,2024-03-09,服饰,3,426
15989,A02,2,150.36,300.72,2024-02-16,服饰,2,137
11460,B01,9,12.61,113.49,2024-09-12,日用品,9,492
17190,C01,7,57.19,400.33,2024-08-02,零食,8,300
17140,A01,6,50.74,304.44,2024-01-30,日用品,1,299
13636,B01,1,61.45,61.45,2024-10-07,服饰,10,354
14809,B01,5,57.04,285.2,2024-08-24,服饰,8,278
14178,B02,3,21.88,65.64,2024-09-04,数码,9,134
17245,A02,1,97.2,97.2,2024-01-25,家居,1,181
16600,B01,4,149.22,596.88,2024-03-14,服饰,3,488
15997,B01,2,125.28,250.56,2024-07-24,日用品,7,497
12048,C01,2,137.85,275.7,2024-11-09,日用品,11,319
14780,C01,3,25.42,76.26,2024-04-03,家居,4,257
10716,A01,8,190.78,1526.24,2024-05-06,家居,5,103
17939,B02,8,169.31,1354.48,2024-01-25,数码,1,266
15565,A01,7,162.97,1140.79,2024-11-29,零食,11,303
14544,C01,6,166.37,998.22,2024-12-20,日用品,12,293
14976,A02,9,187.21,1684.89,2024-04-25,家居,4,334
13419,C01,4,113.41,453.64,2024-02-17,日用品,2,305
17239,B02,1,48.05,48.05,2024-08-13,家居,8,249
19766,C01,8,127.19,1017.52,2024-09-22,服饰,9,258
10249,B02,7,151.15,1058.05,2024-04-08,日用品,4,378
18865,B02,7,150.2,1051.3999999999999,2024-01-11,服饰,1,403
10770,B02,3,109.08,327.24,2024-03-25,日用品,3,480
14363,B02,4,23.01,92.04,2024-08-01,零食,8,265
11077,B02,9,80.51,724.59,2024-06-21,数码,6,410
18427,A02,6,184.95,1109.6999999999998,2024-07-27,服饰,7,167
18580,A01,5,121.05,605.25,2024-03-04,家居,3,187
17901,B01,3,112.28,336.84000000000003,2024-09-14,零食,9,316
14858,A01,9,61.08,549.72,2024-11-27,日用品,11,100
16544,B02,5,80.01,400.05,2024-04-30,服饰,4,234
14719,A02,5,180.12,900.6,2024-10-24,日用品,10,284
12814,C01,4,136.63,546.52,2024-02-23,日用品,2,450
13374,A02,4,159.6,638.4,2024-11-26,日用品,11,239
11252,B02,1,96.33,96.33,2024-09-28,数码,9,205
16996,A02,7,129.75,908.25,2024-08-28,数码,8,232
14673,A02,9,57.19,514.71,2024-08-30,家居,8,207
14530,B02,3,144.04,432.12,2024-01-18,服饰,1,277
16881,A02,2,91.24,182.48,2024-07-05,零食,7,397
16949,B01,3,94.08,282.24,2024-12-11,零食,12,457
19521,B01,1,133.37,133.37,2024-05-23,零食,5,479
16241,A02,6,187.89,1127.34,2024-09-18,日用品,9,495
18017,C01,7,22.16,155.12,2024-12-29,数码,12,458
16941,B02,2,166.7,333.4,2024-08-26,服饰,8,245
19550,B01,8,65.55,524.4,2024-10-30,日用品,10,173
17002,C01,6,94.34,566.04,2024-10-24,数码,10,207
11331,A02,4,14.16,56.64,2024-03-16,数码,3,221
14261,C01,5,67.2,336.0,2024-07-06,服饰,7,116
17648,A01,8,105.5,844.0,2024-11-28,服饰,11,295
19550,B01,3,20.67,62.010000000000005,2024-09-02,服饰,9,426
15115,A02,3,103.31,309.93,2024-05-09,日用品,5,417
14637,B02,4,186.15,744.6,2024-11-10,家居,11,396
14854,A02,1,30.02,30.02,2024-10-09,服饰,10,351
13177,B02,9,155.24,1397.16,2024-03-19,家居,3,218
17730,A02,8,87.84,702.72,2024-03-12,日用品,3,261
12180,C01,8,134.48,1075.84,2024-09-19,家居,9,297
14892,C01,6,59.44,356.64,2024-07-09,零食,7,144
17043,C01,7,40.3,282.09999999999997,2024-03-03,家居,3,413
10137,A01,6,40.49,242.94,2024-01-12,服饰,1,278
16327,B02,9,23.39,210.51,2024-05-20,日用品,5,481
13472,C01,3,45.27,135.81,2024-09-10,服饰,9,143
15449,A01,3,136.2,408.59999999999997,2024-02-12,零食,2,370
12832,B02,3,177.52,532.5600000000001,2024-01-17,服饰,1,177
13579,A02,3,164.68,494.04,2024-03-03,服饰,3,425
15971,A01,9,140.18,1261.6200000000001,2024-09-09,服饰,9,277
14164,B01,4,30.98,123.92,2024-10-18,数码,10,456
17941,A01,7,64.95,454.65000000000003,2024-01-08,零食,1,102
15569,A01,9,68.86,619.74,2024-11-20,服饰,11,313
14300,B02,7,57.49,402.43,2024-03-30,服饰,3,441
16269,A02,9,107.85,970.65,2024-07-26,服饰,7,173
13818,B01,3,111.76,335.28000000000003,2024-10-18,日用品,10,150
11906,C01,4,77.81,311.24,2024-10-10,数码,10,166
16254,C01,8,77.22,617.76,2024-04-27,日用品,4,431
10760,A01,6,167.43,1004.58,2024-12-14,数码,12,192
17830,B02,5,159.97,799.85,2024-06-23,服饰,6,275
17350,B02,4,68.48,273.92,2024-03-16,零食,3,244
16238,C01,8,183.62,1468.96,2024-04-10,家居,4,106
16090,B01,1,191.03,191.03,2024-05-30,家居,5,368
16031,A02,9,72.08,648.72,2024-09-26,服饰,9,475
17687,B01,1,77.34,77.34,2024-03-11,日用品,3,421
19091,A02,8,106.07,848.56,2024-06-28,零食,6,103
19911,C01,4,188.81,755.24,2024-05-03,数码,5,237
18472,A02,9,176.5,1588.5,2024-10-19,服饰,10,330
11887,B02,5,29.49,147.45,2024-10-11,零食,10,187
13266,A01,3,84.62,253.86,2024-07-13,零食,7,116
10666,A01,9,115.14,1036.26,2024-08-15,数码,8,151
14188,C01,9,105.6,950.4,2024-10-01,零食,10,233
10671,B02,4,46.83,187.32,2024-04-15,日用品,4,310
16777,B01,4,173.18,692.72,2024-01-21,日用品,1,424
17570,B02,8,138.62,1108.96,2024-03-04,日用品,3,492
17956,A01,2,169.2,338.4,2024-06-13,零食,6,318
15124,A01,9,173.17,1558.53,2024-01-27,日用品,1,304
15585,B02,6,152.19,913.14,2024-11-06,数码,11,310
14777,B02,9,93.45,841.0500000000001,2024-10-11,零食,10,376
13900,A01,8,126.0,1008.0,2024-05-27,家居,5,123
16677,B01,7,40.47,283.28999999999996,2024-10-07,零食,10,103
16981,C01,1,137.99,137.99,2024-11-21,数码,11,251
16376,C01,3,44.06,132.18,2024-11-14,家居,11,358
10523,B02,2,141.85,283.7,2024-06-12,零食,6,423
12393,C01,5,53.62,268.09999999999997,2024-08-11,日用品,8,456
12593,A01,5,32.33,161.64999999999998,2024-09-28,服饰,9,267
19945,A01,5,41.4,207.0,2024-05-25,服饰,5,275
17240,B02,4,10.38,41.52,2024-12-21,日用品,12,409
16937,B02,5,146.56,732.8,2024-01-30,服饰,1,390
16190,B02,3,149.16,447.48,2024-02-14,服饰,2,155
15240,B01,1,107.84,107.84,2024-10-01,日用品,10,207
16493,C01,5,40.66,203.29999999999998,2024-02-03,日用品,2,395
12878,B02,9,25.88,232.92,2024-05-20,零食,5,423
14143,A02,9,13.63,122.67,2024-11-13,零食,11,401
13644,A02,4,41.49,165.96,2024-08-08,日用品,8,433
14432,A01,3,179.26,537.78,2024-12-21,数码,12,240
11276,C01,1,55.89,55.89,2024-01-22,服饰,1,254
15811,B02,2,77.31,154.62,2024-06-28,零食,6,361
10302,A02,8,30.02,240.16,2024-11-24,服饰,11,372
10638,C01,1,52.25,52.25,2024-08-18,家居,8,331
10055,A01,8,108.65,869.2,2024-02-07,日用品,2,340
18717,B01,7,125.47,878.29,2024-03-10,数码,3,454
18150,C01,8,56.62,452.96,2024-04-25,家居,4,436
12125,C01,6,20.97,125.82,2024-08-26,家居,8,357
10364,B01,9,84.3,758.6999999999999,2024-11-30,家居,11,348
16809,C01,3,54.5,163.5,2024-05-27,日用品,5,176
14621,A01,4,51.72,206.88,2024-01-09,零食,1,279
15126,A01,6,192.37,1154.22,2024-10-14,日用品,10,165
15122,B01,8,127.1,1016.8,2024-02-19,零食,2,407
11646,B02,5,115.81,579.05,2024-12-03,家居,12,447
10918,A02,3,89.0,267.0,2024-01-05,家居,1,270
12797,B02,6,91.5,549.0,2024-12-08,数码,12,121
16506,C01,4,112.77,451.08,2024-05-05,零食,5,466
15870,A02,9,142.32,1280.8799999999999,2024-03-15,家居,3,206
11531,B01,3,143.41,430.23,2024-06-13,服饰,6,422
18172,B01,4,42.62,170.48,2024-10-04,数码,10,326
13345,A02,7,105.02,735.14,2024-11-19,日用品,11,495
17673,A01,7,88.27,617.89,2024-10-26,数码,10,315
16949,A02,4,175.4,701.6,2024-10-16,服饰,10,168
16882,C01,6,129.97,779.8199999999999,2024-03-17,零食,3,183
11906,A01,3,111.18,333.54,2024-10-24,日用品,10,202
13086,B01,6,31.92,191.52,2024-05-16,日用品,5,138
18152,A02,2,125.07,250.14,2024-04-15,零食,4,112
15750,B02,8,32.27,258.16,2024-04-04,数码,4,396
18905,B02,2,74.07,148.14,2024-05-14,家居,5,412
11062,C01,7,37.14,259.98,2024-03-08,数码,3,280
11976,B02,9,141.49,1273.41,2024-05-26,服饰,5,367
11296,A02,1,49.19,49.19,2024-06-07,家居,6,112
16229,A02,8,84.45,675.6,2024-06-11,数码,6,219
17641,B02,7,180.18,1261.26,2024-12-06,零食,12,452
10125,A02,6,48.82,292.92,2024-07-07,服饰,7,156
14632,C01,6,106.48,638.88,2024-12-04,服饰,12,139
16288,A01,6,89.66,537.96,2024-04-04,服饰,4,473
13596,C01,9,13.44,120.96,2024-06-29,家居,6,435
16168,C01,2,160.62,321.24,2024-10-14,日用品,10,227
19795,A02,1,23.12,23.12,2024-11-17,家居,11,272
17561,A01,6,100.11,600.66,2024-07-05,数码,7,134
18258,A02,8,116.53,932.24,2024-05-17,日用品,5,358
10232,B01,3,129.4,388.20000000000005,2024-05-09,数码,5,475
19361,A02,1,140.84,140.84,2024-07-12,日用品,7,104
16371,A02,9,58.12,523.0799999999999,2024-11-11,家居,11,317
14206,A02,1,11.9,11.9,2024-09-29,服饰,9,110
19685,A01,3,147.45,442.34999999999997,2024-12-17,零食,12,481
17943,A02,8,111.77,894.16,2024-05-23,服饰,5,426
16891,A01,3,168.86,506.58000000000004,2024-01-16,家居,1,216
16738,B02,4,166.06,664.24,2024-10-28,日用品,10,283
12472,B01,8,170.23,1361.84,2024-09-01,服饰,9,493
12739,A01,1,102.17,102.17,2024-04-16,家居,4,461
15401,B02,6,73.39,440.34000000000003,2024-03-28,数码,3,215
11761,A01,1,160.4,160.4,2024-05-08,零食,5,261
10876,A01,1,95.75,95.75,2024-12-06,服饰,12,166
13812,B01,8,44.85,358.8,2024-01-04,日用品,1,299
19504,C01,4,172.45,689.8,2024-11-22,数码,11,130
11460,C01,1,177.69,177.69,2024-11-01,家居,11,174
11733,A01,7,98.6,690.1999999999999,2024-04-04,零食,4,336
11605,A02,5,24.38,121.89999999999999,2024-07-27,日用品,7,426
15622,B02,5,83.69,418.45,2024-08-12,家居,8,165
16767,A02,1,162.67,162.67,2024-12-13,家居,12,169
16986,A02,6,181.34,1088.04,2024-11-16,服饰,11,396
13517,A01,9,48.66,437.93999999999994,2024-02-16,服饰,2,119
13735,A01,9,22.72,204.48,2024-06-29,日用品,6,325
19352,A01,8,176.7,1413.6,2024-04-15,家居,4,495
18434,A01,5,83.99,419.95,2024-07-17,服饰,7,298
12590,C01,1,112.93,112.93,2024-04-15,零食,4,138
11063,A01,9,193.93,1745.3700000000001,2024-10-06,零食,10,244
14324,C01,1,22.65,22.65,2024-09-16,家居,9,144
19111,C01,8,133.18,1065.44,2024-04-17,服饰,4,494
15342,A01,5,24.08,120.39999999999999,2024-01-19,日用品,1,425
10005,B01,3,81.34,244.02,2024-10-22,日用品,10,480
17489,B02,7,162.72,1139.04,2024-11-01,日用品,11,190
18659,A02,7,92.36,646.52,2024-06-19,零食,6,337
18195,C01,9,199.46,1795.14,2024-11-26,服饰,11,169
15966,B02,7,116.22,813.54,2024-07-13,服饰,7,265
18837,B01,3,71.02,213.06,2024-01-12,零食,1,229
10117,A02,1,51.82,51.82,2024-07-13,日用品,7,313
12551,A02,8,76.6,612.8,2024-10-09,日用品,10,439
15560,C01,3,80.78,242.34,2024-06-30,家居,6,188
14289,A01,8,23.06,184.48,2024-10-31,数码,10,434
10846,B01,8,80.22,641.76,2024-05-23,服饰,5,351
16316,C01,5,98.21,491.04999999999995,2024-11-11,服饰,11,468
16469,B01,1,147.32,147.32,2024-06-30,服饰,6,448
19333,A01,7,134.78,943.46,2024-01-30,数码,1,171
18915,A01,5,144.67,723.3499999999999,2024-03-24,家居,3,264
10224,C01,8,11.59,92.72,2024-06-14,数码,6,148
14208,A01,9,51.36,462.24,2024-10-10,日用品,10,151
16283,B02,7,135.72,950.04,2024-10-07,日用品,10,388
12048,A02,7,101.96,713.7199999999999,2024-04-05,服饰,4,377
16233,C01,1,11.01,11.01,2024-09-22,零食,9,213
19765,B01,4,162.85,651.4,2024-10-24,服饰,10,338
11828,B02,2,156.83,313.66,2024-10-22,零食,10,232
11917,C01,2,114.2,228.4,2024-08-12,数码,8,373
14234,A01,2,22.63,45.26,2024-11-28,日用品,11,265
16988,A01,4,155.64,622.56,2024-12-26,零食,12,473
12026,A01,1,120.91,120.91,2024-02-11,数码,2,472
13744,A01,4,158.57,634.28,2024-10-29,日用品,10,392
19093,B01,2,152.83,305.66,2024-09-02,零食,9,342
10009,B02,5,162.57,812.8499999999999,2024-07-26,服饰,7,419
10260,A02,3,108.42,325.26,2024-08-24,服饰,8,237
16038,B01,8,36.66,293.28,2024-01-22,服饰,1,178
19865,B01,4,137.52,550.08,2024-07-03,数码,7,269
12219,A02,1,127.89,127.89,2024-08-29,服饰,8,222
17041,A02,1,151.03,151.03,2024-12-28,家居,12,275
12060,A01,3,42.28,126.84,2024-10-09,日用品,10,399
15287,B01,9,47.05,423.45,2024-02-10,数码,2,181
11619,C01,7,179.18,1254.26,2024-12-01,服饰,12,186
18512,A02,2,152.5,305.0,2024-06-10,日用品,6,324
11342,A02,9,182.56,1643.04,2024-06-08,零食,6,115
12832,B02,2,154.16,308.32,2024-03-29,服饰,3,409
12824,C01,3,123.46,370.38,2024-11-17,日用品,11,457
11994,C01,2,134.29,268.58,2024-01-12,家居,1,262
13490,A02,3,178.93,536.79,2024-03-13,零食,3,197
19310,A01,6,119.97,719.8199999999999,2024-03-16,家居,3,255
17984,B02,9,130.15,1171.3500000000001,2024-12-11,日用品,12,101
11604,C01,9,39.73,357.57,2024-07-19,家居,7,449
10235,A02,7,100.05,700.35,2024-01-10,日用品,1,496
11908,C01,3,146.12,438.36,2024-12-17,日用品,12,268
18567,B02,4,61.48,245.92,2024-08-13,家居,8,414
13530,B02,6,48.43,290.58,2024-06-24,日用品,6,424
15256,B01,5,69.63,348.15,2024-10-02,服饰,10,474
12635,A02,2,55.89,111.78,2024-02-08,日用品,2,191
18162,B02,6,50.83,304.98,2024-02-29,数码,2,280
19762,B01,3,90.72,272.15999999999997,2024-03-06,日用品,3,330
12560,B01,8,182.49,1459.92,2024-11-16,数码,11,400
15415,C01,2,106.34,212.68,2024-05-03,日用品,5,247
13391,C01,1,45.7,45.7,2024-06-12,日用品,6,379
15951,B01,9,24.62,221.58,2024-06-07,家居,6,288
15468,C01,3,142.27,426.81000000000006,2024-02-26,服饰,2,446
18007,B02,1,82.73,82.73,2024-03-18,服饰,3,449
19064,A01,7,166.15,1163.05,2024-07-12,零食,7,413
19444,B02,5,135.31,676.55,2024-10-11,家居,10,227
16413,B01,5,161.29,806.4499999999999,2024-01-15,家居,1,106
16941,B01,1,61.67,61.67,2024-01-12,服饰,1,146
19506,B02,9,141.55,1273.95,2024-04-10,家居,4,152
14820,C01,7,60.17,421.19,2024-06-04,服饰,6,286
12898,C01,8,188.42,1507.36,2024-12-05,家居,12,137
17546,B01,9,130.91,1178.19,2024-05-04,日用品,5,325
10077,A02,6,71.66,429.96,2024-12-24,服饰,12,152
17577,C01,5,61.21,306.05,2024-10-06,服饰,10,498
14227,B02,6,46.28,277.68,2024-04-19,数码,4,323
10600,C01,2,141.98,283.96,2024-11-29,家居,11,253
11065,B02,4,51.56,206.24,2024-12-22,家居,12,147
12136,B01,3,123.11,369.33,2024-05-25,服饰,5,450
19510,C01,7,60.28,421.96000000000004,2024-08-03,日用品,8,246
16943,B02,9,135.77,1221.93,2024-06-10,日用品,6,492
17804,B01,5,164.84,824.2,2024-05-07,日用品,5,163
16565,A02,6,157.82,946.92,2024-11-09,家居,11,448
15984,B02,2,154.56,309.12,2024-11-27,数码,11,281
15142,A02,3,45.67,137.01,2024-05-29,服饰,5,224
14670,A02,3,26.79,80.37,2024-02-05,零食,2,278
12190,A01,9,142.8,1285.2,2024-06-21,数码,6,138
19184,C01,7,79.99,559.93,2024-01-22,零食,1,359
12712,B02,8,92.15,737.2,2024-07-24,数码,7,481
12192,A02,9,15.92,143.28,2024-05-06,日用品,5,102
11248,A01,6,59.32,355.92,2024-12-01,家居,12,163
14033,B01,4,16.4,65.6,2024-12-21,零食,12,128
11997,B02,1,177.05,177.05,2024-08-04,数码,8,471
13687,A02,8,56.25,450.0,2024-04-05,家居,4,110
14018,C01,7,115.89,811.23,2024-06-12,零食,6,196
11970,A01,2,17.41,34.82,2024-05-27,服饰,5,457
18389,A02,8,136.7,1093.6,2024-01-18,数码,1,302
15765,C01,5,71.38,356.9,2024-10-20,服饰,10,120
11202,A02,7,180.6,1264.2,2024-07-13,日用品,7,138
18135,B02,4,178.74,714.96,2024-05-30,服饰,5,322
15567,B02,5,71.81,359.05,2024-12-30,服饰,12,201
17667,B02,8,181.18,1449.44,2024-05-02,数码,5,145
15742,A01,1,199.27,199.27,2024-07-05,日用品,7,165
15788,B02,1,166.83,166.83,2024-05-28,服饰,5,190
15408,C01,4,170.53,682.12,2024-04-13,家居,4,263
18669,A02,3,57.31,171.93,2024-08-30,零食,8,210
19446,B01,2,119.57,239.14,2024-08-18,服饰,8,437
10922,C01,3,22.78,68.34,2024-07-24,日用品,7,222
10419,C01,1,28.03,28.03,2024-07-16,服饰,7,292
12204,B02,1,199.79,199.79,2024-12-02,零食,12,198
11120,A01,6,72.06,432.36,2024-03-27,日用品,3,390
10950,A02,5,152.15,760.75,2024-05-21,数码,5,258
12336,A01,8,163.27,1306.16,2024-11-12,日用品,11,202
15373,A02,2,173.02,346.04,2024-07-17,数码,7,484
12243,A02,4,199.55,798.2,2024-02-15,日用品,2,380
12645,A01,8,55.88,447.04,2024-10-14,零食,10,142
14612,C01,6,17.67,106.02000000000001,2024-01-15,零食,1,183
11865,A02,1,88.13,88.13,2024-02-13,日用品,2,290
16028,A01,4,34.72,138.88,2024-06-17,服饰,6,150
17326,A02,1,14.26,14.26,2024-11-05,零食,11,485
16371,B01,2,78.48,156.96,2024-02-13,数码,2,309
16359,C01,5,158.91,794.55,2024-04-07,数码,4,225
17863,B02,8,117.57,940.56,2024-09-17,家居,9,168
13228,A02,8,69.43,555.44,2024-04-18,数码,4,364
13719,B01,3,134.32,402.96,2024-10-09,家居,10,357
12371,B02,4,54.08,216.32,2024-12-08,日用品,12,287
12891,B02,6,12.73,76.38,2024-04-13,日用品,4,329
13756,A02,3,155.23,465.68999999999994,2024-09-12,日用品,9,288
14225,A01,2,128.51,257.02,2024-07-24,服饰,7,109
10094,A02,6,154.84,929.04,2024-11-30,服饰,11,213
12674,B01,5,17.4,87.0,2024-02-12,家居,2,175
16898,B02,5,169.05,845.25,2024-12-18,数码,12,263
10793,A02,5,127.71,638.55,2024-09-01,数码,9,184
12116,A01,5,117.05,585.25,2024-10-13,日用品,10,148
15779,A02,3,128.68,386.04,2024-12-20,零食,12,425
16166,C01,7,174.24,1219.68,2024-09-29,服饰,9,276
10814,A01,6,121.52,729.12,2024-03-23,服饰,3,486
10345,B01,4,120.38,481.52,2024-04-19,日用品,4,488
18554,B02,2,198.23,396.46,2024-07-08,服饰,7,317
12443,A02,9,153.78,1384.02,2024-10-14,日用品,10,288
17783,A01,1,94.04,94.04,2024-09-07,家居,9,445
10984,C01,4,144.41,577.64,2024-07-30,数码,7,329
17790,A01,1,83.95,83.95,2024-10-17,零食,10,354
